snapshot_month,credit_score_band,income_band,region,n_accounts,n_delinquent_30plus,n_delinquent_90plus,n_charged_off,delinquency_30plus_rate_pct,delinquency_90plus_rate_pct,charge_off_rate_pct,total_balance
2024-09-01,Near_Prime,High,Midwest,16,0,0,0,0.0,0.0,0.0,88695.36
2024-09-01,Near_Prime,High,Northeast,15,0,0,0,0.0,0.0,0.0,92751.64
2024-09-01,Near_Prime,High,South,19,0,0,0,0.0,0.0,0.0,102415.08
2024-09-01,Near_Prime,High,West,18,0,0,0,0.0,0.0,0.0,97295.9
2024-09-01,Near_Prime,Low,Midwest,17,0,0,0,0.0,0.0,0.0,77112.66
2024-09-01,Near_Prime,Low,Northeast,19,0,0,0,0.0,0.0,0.0,133974.7
2024-09-01,Near_Prime,Low,South,30,0,0,0,0.0,0.0,0.0,189918.26
2024-09-01,Near_Prime,Low,West,22,0,0,0,0.0,0.0,0.0,143730.26
2024-09-01,Near_Prime,Medium,Midwest,27,0,0,0,0.0,0.0,0.0,199224.53
2024-09-01,Near_Prime,Medium,Northeast,34,0,0,0,0.0,0.0,0.0,170930.48
2024-09-01,Near_Prime,Medium,South,37,0,0,0,0.0,0.0,0.0,197889.25
2024-09-01,Near_Prime,Medium,West,35,0,0,0,0.0,0.0,0.0,198780.13
2024-09-01,Prime,High,Midwest,19,0,0,0,0.0,0.0,0.0,154469.18
2024-09-01,Prime,High,Northeast,12,0,0,0,0.0,0.0,0.0,102670.09
2024-09-01,Prime,High,South,25,0,0,0,0.0,0.0,0.0,184767.75
2024-09-01,Prime,High,West,10,0,0,0,0.0,0.0,0.0,94046.56
2024-09-01,Prime,Low,Midwest,29,0,0,0,0.0,0.0,0.0,263052.04
2024-09-01,Prime,Low,Northeast,17,0,0,0,0.0,0.0,0.0,124423.45
2024-09-01,Prime,Low,South,30,0,0,0,0.0,0.0,0.0,258483.7
2024-09-01,Prime,Low,West,18,0,0,0,0.0,0.0,0.0,179301.38
2024-09-01,Prime,Medium,Midwest,39,0,0,0,0.0,0.0,0.0,349367.13
2024-09-01,Prime,Medium,Northeast,42,0,0,0,0.0,0.0,0.0,403218.56
2024-09-01,Prime,Medium,South,49,0,0,0,0.0,0.0,0.0,410648.6
2024-09-01,Prime,Medium,West,29,0,0,0,0.0,0.0,0.0,236418.57
2024-09-01,Subprime,High,Midwest,16,0,0,0,0.0,0.0,0.0,43366.89
2024-09-01,Subprime,High,Northeast,7,0,0,0,0.0,0.0,0.0,20167.42
2024-09-01,Subprime,High,South,16,0,0,0,0.0,0.0,0.0,58678.16
2024-09-01,Subprime,High,West,10,0,0,0,0.0,0.0,0.0,30558.82
2024-09-01,Subprime,Low,Midwest,15,0,0,0,0.0,0.0,0.0,45336.86
2024-09-01,Subprime,Low,Northeast,13,0,0,0,0.0,0.0,0.0,39516.82
2024-09-01,Subprime,Low,South,25,0,0,0,0.0,0.0,0.0,70183.73
2024-09-01,Subprime,Low,West,17,0,0,0,0.0,0.0,0.0,52255.04
2024-09-01,Subprime,Medium,Midwest,17,0,0,0,0.0,0.0,0.0,58636.88
2024-09-01,Subprime,Medium,Northeast,14,0,0,0,0.0,0.0,0.0,53872.67
2024-09-01,Subprime,Medium,South,23,0,0,0,0.0,0.0,0.0,89468.92
2024-09-01,Subprime,Medium,West,21,0,0,0,0.0,0.0,0.0,67351.14
2024-10-01,Near_Prime,High,Midwest,36,0,0,0,0.0,0.0,0.0,212079.61
2024-10-01,Near_Prime,High,Northeast,28,2,0,0,7.143,0.0,0.0,164350.47
2024-10-01,Near_Prime,High,South,51,2,0,0,3.922,0.0,0.0,276091.12
2024-10-01,Near_Prime,High,West,36,1,0,0,2.778,0.0,0.0,188658.72
2024-10-01,Near_Prime,Low,Midwest,44,1,0,0,2.273,0.0,0.0,269394.32
2024-10-01,Near_Prime,Low,Northeast,48,0,0,0,0.0,0.0,0.0,282297.62
2024-10-01,Near_Prime,Low,South,70,0,0,0,0.0,0.0,0.0,433872.23
2024-10-01,Near_Prime,Low,West,50,0,0,0,0.0,0.0,0.0,291393.88
2024-10-01,Near_Prime,Medium,Midwest,77,0,0,0,0.0,0.0,0.0,495796.11
2024-10-01,Near_Prime,Medium,Northeast,69,0,0,0,0.0,0.0,0.0,359029.48
2024-10-01,Near_Prime,Medium,South,85,4,0,0,4.706,0.0,0.0,442381.68
2024-10-01,Near_Prime,Medium,West,69,1,0,0,1.449,0.0,0.0,397896.13
2024-10-01,Prime,High,Midwest,48,0,0,0,0.0,0.0,0.0,396816.0
2024-10-01,Prime,High,Northeast,35,0,0,0,0.0,0.0,0.0,334577.07
2024-10-01,Prime,High,South,55,0,0,0,0.0,0.0,0.0,430094.57
2024-10-01,Prime,High,West,44,0,0,0,0.0,0.0,0.0,308091.9
2024-10-01,Prime,Low,Midwest,61,0,0,0,0.0,0.0,0.0,500892.6
2024-10-01,Prime,Low,Northeast,43,0,0,0,0.0,0.0,0.0,360746.01
2024-10-01,Prime,Low,South,79,0,0,0,0.0,0.0,0.0,728229.18
2024-10-01,Prime,Low,West,52,0,0,0,0.0,0.0,0.0,448267.06
2024-10-01,Prime,Medium,Midwest,90,0,0,0,0.0,0.0,0.0,782208.11
2024-10-01,Prime,Medium,Northeast,90,0,0,0,0.0,0.0,0.0,813593.71
2024-10-01,Prime,Medium,South,114,1,0,0,0.877,0.0,0.0,937632.64
2024-10-01,Prime,Medium,West,82,1,0,0,1.22,0.0,0.0,641123.45
2024-10-01,Subprime,High,Midwest,28,2,0,0,7.143,0.0,0.0,88911.28
2024-10-01,Subprime,High,Northeast,27,0,0,0,0.0,0.0,0.0,85069.15
2024-10-01,Subprime,High,South,37,2,0,0,5.405,0.0,0.0,119742.56
2024-10-01,Subprime,High,West,28,0,0,0,0.0,0.0,0.0,102149.91
2024-10-01,Subprime,Low,Midwest,32,1,0,0,3.125,0.0,0.0,114839.27
2024-10-01,Subprime,Low,Northeast,33,0,0,0,0.0,0.0,0.0,101957.13
2024-10-01,Subprime,Low,South,49,0,0,0,0.0,0.0,0.0,159870.7
2024-10-01,Subprime,Low,West,32,0,0,0,0.0,0.0,0.0,98202.64
2024-10-01,Subprime,Medium,Midwest,44,1,0,0,2.273,0.0,0.0,143754.73
2024-10-01,Subprime,Medium,Northeast,38,2,0,0,5.263,0.0,0.0,130463.46
2024-10-01,Subprime,Medium,South,66,2,0,0,3.03,0.0,0.0,216301.96
2024-10-01,Subprime,Medium,West,57,1,0,0,1.754,0.0,0.0,204779.8
2024-11-01,Near_Prime,High,Midwest,55,1,0,0,1.818,0.0,0.0,304206.8
2024-11-01,Near_Prime,High,Northeast,43,3,0,0,6.977,0.0,0.0,243109.64
2024-11-01,Near_Prime,High,South,87,4,0,0,4.598,0.0,0.0,458830.05
2024-11-01,Near_Prime,High,West,53,1,0,0,1.887,0.0,0.0,269245.27
2024-11-01,Near_Prime,Low,Midwest,73,1,0,0,1.37,0.0,0.0,407874.3
2024-11-01,Near_Prime,Low,Northeast,75,0,0,0,0.0,0.0,0.0,452431.09
2024-11-01,Near_Prime,Low,South,109,4,0,0,3.67,0.0,0.0,636878.95
2024-11-01,Near_Prime,Low,West,80,1,0,0,1.25,0.0,0.0,442015.31
2024-11-01,Near_Prime,Medium,Midwest,121,3,0,0,2.479,0.0,0.0,700296.26
2024-11-01,Near_Prime,Medium,Northeast,110,4,0,0,3.636,0.0,0.0,563461.73
2024-11-01,Near_Prime,Medium,South,141,5,0,0,3.546,0.0,0.0,733703.17
2024-11-01,Near_Prime,Medium,West,106,2,0,0,1.887,0.0,0.0,600045.15
2024-11-01,Prime,High,Midwest,72,2,0,0,2.778,0.0,0.0,600363.72
2024-11-01,Prime,High,Northeast,61,0,0,0,0.0,0.0,0.0,551269.9
2024-11-01,Prime,High,South,88,1,0,0,1.136,0.0,0.0,670111.44
2024-11-01,Prime,High,West,73,1,0,0,1.37,0.0,0.0,499834.04
2024-11-01,Prime,Low,Midwest,90,4,0,0,4.444,0.0,0.0,750074.97
2024-11-01,Prime,Low,Northeast,67,2,0,0,2.985,0.0,0.0,537963.68
2024-11-01,Prime,Low,South,124,2,0,0,1.613,0.0,0.0,999778.82
2024-11-01,Prime,Low,West,81,2,0,0,2.469,0.0,0.0,736663.8
2024-11-01,Prime,Medium,Midwest,137,1,0,0,0.73,0.0,0.0,1143228.26
2024-11-01,Prime,Medium,Northeast,140,1,0,0,0.714,0.0,0.0,1184462.87
2024-11-01,Prime,Medium,South,168,1,0,0,0.595,0.0,0.0,1280983.33
2024-11-01,Prime,Medium,West,126,2,0,0,1.587,0.0,0.0,997374.78
2024-11-01,Subprime,High,Midwest,49,4,0,0,8.163,0.0,0.0,148416.24
2024-11-01,Subprime,High,Northeast,41,2,0,0,4.878,0.0,0.0,133908.54
2024-11-01,Subprime,High,South,53,3,0,0,5.66,0.0,0.0,146124.39
2024-11-01,Subprime,High,West,39,5,0,0,12.821,0.0,0.0,137603.69
2024-11-01,Subprime,Low,Midwest,56,2,0,0,3.571,0.0,0.0,188068.47
2024-11-01,Subprime,Low,Northeast,55,0,0,0,0.0,0.0,0.0,163366.64
2024-11-01,Subprime,Low,South,86,2,0,0,2.326,0.0,0.0,250102.98
2024-11-01,Subprime,Low,West,50,5,0,0,10.0,0.0,0.0,147054.44
2024-11-01,Subprime,Medium,Midwest,70,7,0,0,10.0,0.0,0.0,233880.85
2024-11-01,Subprime,Medium,Northeast,69,5,0,0,7.246,0.0,0.0,239496.97
2024-11-01,Subprime,Medium,South,104,7,0,0,6.731,0.0,0.0,327183.03
2024-11-01,Subprime,Medium,West,83,6,0,0,7.229,0.0,0.0,290291.21
2024-12-01,Near_Prime,High,Midwest,75,2,0,0,2.667,0.0,0.0,393623.38
2024-12-01,Near_Prime,High,Northeast,55,1,1,0,1.818,1.818,0.0,305247.89
2024-12-01,Near_Prime,High,South,113,9,1,0,7.965,0.885,0.0,545642.55
2024-12-01,Near_Prime,High,West,71,3,0,0,4.225,0.0,0.0,348023.98
2024-12-01,Near_Prime,Low,Midwest,99,2,0,0,2.02,0.0,0.0,544368.36
2024-12-01,Near_Prime,Low,Northeast,97,2,0,0,2.062,0.0,0.0,555390.29
2024-12-01,Near_Prime,Low,South,140,6,0,0,4.286,0.0,0.0,747032.86
2024-12-01,Near_Prime,Low,West,102,6,0,0,5.882,0.0,0.0,532805.84
2024-12-01,Near_Prime,Medium,Midwest,163,3,0,0,1.84,0.0,0.0,871301.06
2024-12-01,Near_Prime,Medium,Northeast,129,4,0,0,3.101,0.0,0.0,683795.06
2024-12-01,Near_Prime,Medium,South,202,9,1,0,4.455,0.495,0.0,1036347.37
2024-12-01,Near_Prime,Medium,West,135,5,0,0,3.704,0.0,0.0,738011.23
2024-12-01,Prime,High,Midwest,98,3,0,0,3.061,0.0,0.0,789910.39
2024-12-01,Prime,High,Northeast,85,0,0,0,0.0,0.0,0.0,725711.45
2024-12-01,Prime,High,South,118,4,0,0,3.39,0.0,0.0,940789.65
2024-12-01,Prime,High,West,97,1,0,0,1.031,0.0,0.0,673158.38
2024-12-01,Prime,Low,Midwest,115,4,0,0,3.478,0.0,0.0,885065.83
2024-12-01,Prime,Low,Northeast,95,3,0,0,3.158,0.0,0.0,783503.52
2024-12-01,Prime,Low,South,158,4,0,0,2.532,0.0,0.0,1181241.59
2024-12-01,Prime,Low,West,104,1,0,0,0.962,0.0,0.0,949244.43
2024-12-01,Prime,Medium,Midwest,175,1,0,0,0.571,0.0,0.0,1411067.6
2024-12-01,Prime,Medium,Northeast,176,1,0,0,0.568,0.0,0.0,1439692.13
2024-12-01,Prime,Medium,South,227,2,1,0,0.881,0.441,0.0,1707480.89
2024-12-01,Prime,Medium,West,161,5,0,0,3.106,0.0,0.0,1215018.82
2024-12-01,Subprime,High,Midwest,61,5,0,0,8.197,0.0,0.0,190861.31
2024-12-01,Subprime,High,Northeast,53,5,0,0,9.434,0.0,0.0,171024.4
2024-12-01,Subprime,High,South,70,5,0,0,7.143,0.0,0.0,197739.93
2024-12-01,Subprime,High,West,49,7,0,0,14.286,0.0,0.0,162441.56
2024-12-01,Subprime,Low,Midwest,65,6,0,0,9.231,0.0,0.0,217715.71
2024-12-01,Subprime,Low,Northeast,69,2,0,0,2.899,0.0,0.0,203752.75
2024-12-01,Subprime,Low,South,108,7,0,0,6.481,0.0,0.0,304382.66
2024-12-01,Subprime,Low,West,62,7,0,0,11.29,0.0,0.0,176341.15
2024-12-01,Subprime,Medium,Midwest,97,5,0,0,5.155,0.0,0.0,326593.51
2024-12-01,Subprime,Medium,Northeast,86,7,1,0,8.14,1.163,0.0,275712.5
2024-12-01,Subprime,Medium,South,141,6,0,0,4.255,0.0,0.0,420846.27
2024-12-01,Subprime,Medium,West,103,10,0,0,9.709,0.0,0.0,320152.01
2025-01-01,Near_Prime,High,Midwest,91,3,1,0,3.297,1.099,0.0,454199.24
2025-01-01,Near_Prime,High,Northeast,78,0,0,1,0.0,0.0,1.282,411705.35
2025-01-01,Near_Prime,High,South,151,11,0,1,7.285,0.0,0.662,755594.65
2025-01-01,Near_Prime,High,West,91,4,1,0,4.396,1.099,0.0,437357.97
2025-01-01,Near_Prime,Low,Midwest,124,2,0,0,1.613,0.0,0.0,645503.54
2025-01-01,Near_Prime,Low,Northeast,128,4,0,0,3.125,0.0,0.0,703967.83
2025-01-01,Near_Prime,Low,South,176,8,0,0,4.545,0.0,0.0,900590.64
2025-01-01,Near_Prime,Low,West,130,7,0,0,5.385,0.0,0.0,663746.58
2025-01-01,Near_Prime,Medium,Midwest,206,9,0,0,4.369,0.0,0.0,1052760.46
2025-01-01,Near_Prime,Medium,Northeast,164,10,1,0,6.098,0.61,0.0,852031.7
2025-01-01,Near_Prime,Medium,South,260,14,2,0,5.385,0.769,0.0,1312243.91
2025-01-01,Near_Prime,Medium,West,175,6,0,0,3.429,0.0,0.0,922380.83
2025-01-01,Prime,High,Midwest,126,5,1,0,3.968,0.794,0.0,961988.09
2025-01-01,Prime,High,Northeast,109,0,0,0,0.0,0.0,0.0,920997.86
2025-01-01,Prime,High,South,157,4,0,0,2.548,0.0,0.0,1220760.56
2025-01-01,Prime,High,West,124,1,0,0,0.806,0.0,0.0,835147.55
2025-01-01,Prime,Low,Midwest,147,3,2,0,2.041,1.361,0.0,1169355.55
2025-01-01,Prime,Low,Northeast,129,2,1,0,1.55,0.775,0.0,1031603.94
2025-01-01,Prime,Low,South,197,1,0,0,0.508,0.0,0.0,1452716.65
2025-01-01,Prime,Low,West,126,2,0,0,1.587,0.0,0.0,1125955.78
2025-01-01,Prime,Medium,Midwest,225,1,0,0,0.444,0.0,0.0,1697903.71
2025-01-01,Prime,Medium,Northeast,221,6,0,0,2.715,0.0,0.0,1726772.12
2025-01-01,Prime,Medium,South,294,5,0,1,1.701,0.0,0.34,2175829.2
2025-01-01,Prime,Medium,West,212,5,1,0,2.358,0.472,0.0,1595526.71
2025-01-01,Subprime,High,Midwest,81,10,0,0,12.346,0.0,0.0,252918.05
2025-01-01,Subprime,High,Northeast,68,9,0,0,13.235,0.0,0.0,214898.09
2025-01-01,Subprime,High,South,96,12,0,0,12.5,0.0,0.0,259721.44
2025-01-01,Subprime,High,West,60,10,1,0,16.667,1.667,0.0,187941.24
2025-01-01,Subprime,Low,Midwest,83,12,1,0,14.458,1.205,0.0,255452.34
2025-01-01,Subprime,Low,Northeast,84,4,0,0,4.762,0.0,0.0,254782.71
2025-01-01,Subprime,Low,South,142,9,1,0,6.338,0.704,0.0,402132.05
2025-01-01,Subprime,Low,West,83,13,1,0,15.663,1.205,0.0,240503.52
2025-01-01,Subprime,Medium,Midwest,131,13,1,0,9.924,0.763,0.0,430648.19
2025-01-01,Subprime,Medium,Northeast,122,11,3,0,9.016,2.459,0.0,392801.8
2025-01-01,Subprime,Medium,South,189,13,1,0,6.878,0.529,0.0,554682.62
2025-01-01,Subprime,Medium,West,126,12,0,0,9.524,0.0,0.0,372873.71
2025-02-01,Near_Prime,High,Midwest,112,7,0,1,6.25,0.0,0.893,545136.76
2025-02-01,Near_Prime,High,Northeast,91,4,0,1,4.396,0.0,1.099,444937.93
2025-02-01,Near_Prime,High,South,187,15,2,1,8.021,1.07,0.535,899848.29
2025-02-01,Near_Prime,High,West,113,9,1,0,7.965,0.885,0.0,555629.62
2025-02-01,Near_Prime,Low,Midwest,153,9,1,0,5.882,0.654,0.0,769624.28
2025-02-01,Near_Prime,Low,Northeast,157,6,1,0,3.822,0.637,0.0,862316.01
2025-02-01,Near_Prime,Low,South,208,13,4,0,6.25,1.923,0.0,1052632.55
2025-02-01,Near_Prime,Low,West,149,10,2,0,6.711,1.342,0.0,718203.14
2025-02-01,Near_Prime,Medium,Midwest,241,12,1,0,4.979,0.415,0.0,1203367.08
2025-02-01,Near_Prime,Medium,Northeast,189,10,2,1,5.291,1.058,0.529,953094.62
2025-02-01,Near_Prime,Medium,South,309,22,0,2,7.12,0.0,0.647,1474334.18
2025-02-01,Near_Prime,Medium,West,206,13,0,0,6.311,0.0,0.0,1007410.1
2025-02-01,Prime,High,Midwest,152,10,0,1,6.579,0.0,0.658,1131129.41
2025-02-01,Prime,High,Northeast,128,3,0,0,2.344,0.0,0.0,1028258.3
2025-02-01,Prime,High,South,188,10,0,0,5.319,0.0,0.0,1392088.47
2025-02-01,Prime,High,West,145,1,0,0,0.69,0.0,0.0,931631.15
2025-02-01,Prime,Low,Midwest,169,4,2,0,2.367,1.183,0.0,1280742.48
2025-02-01,Prime,Low,Northeast,149,3,2,0,2.013,1.342,0.0,1090404.45
2025-02-01,Prime,Low,South,237,4,0,0,1.688,0.0,0.0,1721374.66
2025-02-01,Prime,Low,West,159,4,0,0,2.516,0.0,0.0,1372116.34
2025-02-01,Prime,Medium,Midwest,263,8,0,0,3.042,0.0,0.0,1952684.44
2025-02-01,Prime,Medium,Northeast,258,2,0,0,0.775,0.0,0.0,1930107.06
2025-02-01,Prime,Medium,South,356,15,0,1,4.213,0.0,0.281,2535052.68
2025-02-01,Prime,Medium,West,259,6,1,1,2.317,0.386,0.386,1919523.49
2025-02-01,Subprime,High,Midwest,96,16,1,0,16.667,1.042,0.0,290190.85
2025-02-01,Subprime,High,Northeast,82,13,1,0,15.854,1.22,0.0,255135.91
2025-02-01,Subprime,High,South,108,19,2,0,17.593,1.852,0.0,281046.82
2025-02-01,Subprime,High,West,74,13,4,1,17.568,5.405,1.351,226873.47
2025-02-01,Subprime,Low,Midwest,96,10,1,1,10.417,1.042,1.042,274778.65
2025-02-01,Subprime,Low,Northeast,103,12,0,0,11.65,0.0,0.0,304762.43
2025-02-01,Subprime,Low,South,171,13,1,0,7.602,0.585,0.0,471225.79
2025-02-01,Subprime,Low,West,100,19,3,0,19.0,3.0,0.0,288368.99
2025-02-01,Subprime,Medium,Midwest,152,22,3,1,14.474,1.974,0.658,481593.13
2025-02-01,Subprime,Medium,Northeast,146,10,1,2,6.849,0.685,1.37,439479.59
2025-02-01,Subprime,Medium,South,227,22,4,0,9.692,1.762,0.0,630056.14
2025-02-01,Subprime,Medium,West,153,15,2,0,9.804,1.307,0.0,446548.1
2025-03-01,Near_Prime,High,Midwest,127,10,2,1,7.874,1.575,0.787,633501.78
2025-03-01,Near_Prime,High,Northeast,108,6,0,1,5.556,0.0,0.926,499459.88
2025-03-01,Near_Prime,High,South,215,19,3,2,8.837,1.395,0.93,984504.96
2025-03-01,Near_Prime,High,West,129,8,2,0,6.202,1.55,0.0,636649.43
2025-03-01,Near_Prime,Low,Midwest,175,9,0,1,5.143,0.0,0.571,841916.73
2025-03-01,Near_Prime,Low,Northeast,174,7,2,0,4.023,1.149,0.0,956283.6
2025-03-01,Near_Prime,Low,South,250,12,1,3,4.8,0.4,1.2,1245346.23
2025-03-01,Near_Prime,Low,West,170,10,1,2,5.882,0.588,1.176,804261.45
2025-03-01,Near_Prime,Medium,Midwest,266,15,2,1,5.639,0.752,0.376,1273284.49
2025-03-01,Near_Prime,Medium,Northeast,220,16,4,2,7.273,1.818,0.909,1101405.48
2025-03-01,Near_Prime,Medium,South,350,20,4,2,5.714,1.143,0.571,1666647.18
2025-03-01,Near_Prime,Medium,West,234,15,2,0,6.41,0.855,0.0,1135333.49
2025-03-01,Prime,High,Midwest,179,7,0,1,3.911,0.0,0.559,1327564.33
2025-03-01,Prime,High,Northeast,153,6,0,0,3.922,0.0,0.0,1160837.48
2025-03-01,Prime,High,South,220,7,1,0,3.182,0.455,0.0,1596861.82
2025-03-01,Prime,High,West,164,4,0,0,2.439,0.0,0.0,1057582.91
2025-03-01,Prime,Low,Midwest,198,7,0,2,3.535,0.0,1.01,1443297.46
2025-03-01,Prime,Low,Northeast,179,3,1,0,1.676,0.559,0.0,1323324.53
2025-03-01,Prime,Low,South,276,5,0,0,1.812,0.0,0.0,1936356.0
2025-03-01,Prime,Low,West,180,6,1,0,3.333,0.556,0.0,1503262.85
2025-03-01,Prime,Medium,Midwest,300,6,0,0,2.0,0.0,0.0,2236278.16
2025-03-01,Prime,Medium,Northeast,292,3,0,0,1.027,0.0,0.0,2184939.97
2025-03-01,Prime,Medium,South,407,15,1,1,3.686,0.246,0.246,2798754.16
2025-03-01,Prime,Medium,West,293,7,0,2,2.389,0.0,0.683,2104616.84
2025-03-01,Subprime,High,Midwest,106,16,2,0,15.094,1.887,0.0,299497.57
2025-03-01,Subprime,High,Northeast,94,19,5,0,20.213,5.319,0.0,288190.15
2025-03-01,Subprime,High,South,125,23,2,1,18.4,1.6,0.8,318448.08
2025-03-01,Subprime,High,West,86,10,3,3,11.628,3.488,3.488,245506.42
2025-03-01,Subprime,Low,Midwest,117,15,5,1,12.821,4.274,0.855,331134.72
2025-03-01,Subprime,Low,Northeast,120,16,0,0,13.333,0.0,0.0,352192.83
2025-03-01,Subprime,Low,South,189,18,3,1,9.524,1.587,0.529,498768.56
2025-03-01,Subprime,Low,West,114,18,3,2,15.789,2.632,1.754,333830.8
2025-03-01,Subprime,Medium,Midwest,173,24,5,3,13.873,2.89,1.734,526096.35
2025-03-01,Subprime,Medium,Northeast,167,17,3,3,10.18,1.796,1.796,488244.58
2025-03-01,Subprime,Medium,South,265,24,4,2,9.057,1.509,0.755,698440.82
2025-03-01,Subprime,Medium,West,178,19,4,2,10.674,2.247,1.124,484869.95
2025-04-01,Near_Prime,High,Midwest,143,9,3,1,6.294,2.098,0.699,677641.11
2025-04-01,Near_Prime,High,Northeast,124,9,2,1,7.258,1.613,0.806,560051.06
2025-04-01,Near_Prime,High,South,239,18,1,5,7.531,0.418,2.092,1052795.16
2025-04-01,Near_Prime,High,West,148,10,2,2,6.757,1.351,1.351,713466.67
2025-04-01,Near_Prime,Low,Midwest,202,14,2,1,6.931,0.99,0.495,973809.02
2025-04-01,Near_Prime,Low,Northeast,193,7,0,2,3.627,0.0,1.036,994377.13
2025-04-01,Near_Prime,Low,South,282,18,3,4,6.383,1.064,1.418,1348155.28
2025-04-01,Near_Prime,Low,West,191,14,3,2,7.33,1.571,1.047,889938.42
2025-04-01,Near_Prime,Medium,Midwest,293,19,1,2,6.485,0.341,0.683,1352327.63
2025-04-01,Near_Prime,Medium,Northeast,248,15,1,5,6.048,0.403,2.016,1195604.18
2025-04-01,Near_Prime,Medium,South,389,30,5,5,7.712,1.285,1.285,1779795.42
2025-04-01,Near_Prime,Medium,West,260,17,0,2,6.538,0.0,0.769,1235452.35
2025-04-01,Prime,High,Midwest,199,11,1,1,5.528,0.503,0.503,1397969.1
2025-04-01,Prime,High,Northeast,172,6,0,0,3.488,0.0,0.0,1265089.15
2025-04-01,Prime,High,South,243,12,2,0,4.938,0.823,0.0,1681732.99
2025-04-01,Prime,High,West,178,5,1,0,2.809,0.562,0.0,1099270.29
2025-04-01,Prime,Low,Midwest,214,9,1,2,4.206,0.467,0.935,1495949.07
2025-04-01,Prime,Low,Northeast,195,7,0,1,3.59,0.0,0.513,1385119.79
2025-04-01,Prime,Low,South,299,11,1,0,3.679,0.334,0.0,1982588.12
2025-04-01,Prime,Low,West,207,4,0,1,1.932,0.0,0.483,1665342.85
2025-04-01,Prime,Medium,Midwest,335,11,3,0,3.284,0.896,0.0,2433894.56
2025-04-01,Prime,Medium,Northeast,325,8,0,0,2.462,0.0,0.0,2307017.6
2025-04-01,Prime,Medium,South,445,11,0,2,2.472,0.0,0.449,2932779.94
2025-04-01,Prime,Medium,West,317,13,1,2,4.101,0.315,0.631,2177976.9
2025-04-01,Subprime,High,Midwest,120,16,5,1,13.333,4.167,0.833,338224.23
2025-04-01,Subprime,High,Northeast,105,15,1,4,14.286,0.952,3.81,321185.92
2025-04-01,Subprime,High,South,141,17,8,2,12.057,5.674,1.418,349057.4
2025-04-01,Subprime,High,West,98,8,2,5,8.163,2.041,5.102,273104.59
2025-04-01,Subprime,Low,Midwest,125,18,3,3,14.4,2.4,2.4,339505.33
2025-04-01,Subprime,Low,Northeast,130,19,6,0,14.615,4.615,0.0,371497.02
2025-04-01,Subprime,Low,South,206,25,2,4,12.136,0.971,1.942,534233.98
2025-04-01,Subprime,Low,West,129,18,6,4,13.953,4.651,3.101,354859.08
2025-04-01,Subprime,Medium,Midwest,202,28,7,6,13.861,3.465,2.97,586372.66
2025-04-01,Subprime,Medium,Northeast,176,25,2,6,14.205,1.136,3.409,488992.16
2025-04-01,Subprime,Medium,South,289,32,4,5,11.073,1.384,1.73,732713.62
2025-04-01,Subprime,Medium,West,199,19,4,4,9.548,2.01,2.01,523865.02
2025-05-01,Near_Prime,High,Midwest,177,6,2,4,3.39,1.13,2.26,839710.58
2025-05-01,Near_Prime,High,Northeast,146,12,2,2,8.219,1.37,1.37,634962.23
2025-05-01,Near_Prime,High,South,269,21,6,6,7.807,2.23,2.23,1150742.2
2025-05-01,Near_Prime,High,West,170,12,1,3,7.059,0.588,1.765,770384.8
2025-05-01,Near_Prime,Low,Midwest,242,24,0,3,9.917,0.0,1.24,1156484.1
2025-05-01,Near_Prime,Low,Northeast,220,14,0,2,6.364,0.0,0.909,1076603.91
2025-05-01,Near_Prime,Low,South,304,21,3,5,6.908,0.987,1.645,1390320.85
2025-05-01,Near_Prime,Low,West,210,16,1,4,7.619,0.476,1.905,939320.04
2025-05-01,Near_Prime,Medium,Midwest,345,25,5,2,7.246,1.449,0.58,1577708.6
2025-05-01,Near_Prime,Medium,Northeast,287,18,3,6,6.272,1.045,2.091,1310085.31
2025-05-01,Near_Prime,Medium,South,447,29,7,8,6.488,1.566,1.79,2014148.01
2025-05-01,Near_Prime,Medium,West,297,18,2,2,6.061,0.673,0.673,1377481.23
2025-05-01,Prime,High,Midwest,227,11,4,1,4.846,1.762,0.441,1519388.63
2025-05-01,Prime,High,Northeast,195,6,2,0,3.077,1.026,0.0,1403632.63
2025-05-01,Prime,High,South,279,14,5,0,5.018,1.792,0.0,1887383.34
2025-05-01,Prime,High,West,202,6,0,1,2.97,0.0,0.495,1255837.61
2025-05-01,Prime,Low,Midwest,245,8,1,3,3.265,0.408,1.224,1662039.96
2025-05-01,Prime,Low,Northeast,226,3,0,1,1.327,0.0,0.442,1566306.69
2025-05-01,Prime,Low,South,340,7,1,0,2.059,0.294,0.0,2188626.76
2025-05-01,Prime,Low,West,245,11,0,1,4.49,0.0,0.408,1816260.83
2025-05-01,Prime,Medium,Midwest,384,10,2,1,2.604,0.521,0.26,2683905.13
2025-05-01,Prime,Medium,Northeast,362,12,0,0,3.315,0.0,0.0,2505361.9
2025-05-01,Prime,Medium,South,507,11,1,2,2.17,0.197,0.394,3245100.55
2025-05-01,Prime,Medium,West,368,8,0,3,2.174,0.0,0.815,2514355.31
2025-05-01,Subprime,High,Midwest,135,18,5,4,13.333,3.704,2.963,368677.71
2025-05-01,Subprime,High,Northeast,117,22,6,5,18.803,5.128,4.274,342907.94
2025-05-01,Subprime,High,South,161,18,6,5,11.18,3.727,3.106,391669.75
2025-05-01,Subprime,High,West,116,9,1,7,7.759,0.862,6.034,316929.37
2025-05-01,Subprime,Low,Midwest,134,19,4,6,14.179,2.985,4.478,352476.06
2025-05-01,Subprime,Low,Northeast,148,15,3,5,10.135,2.027,3.378,403681.52
2025-05-01,Subprime,Low,South,238,29,4,6,12.185,1.681,2.521,607292.44
2025-05-01,Subprime,Low,West,147,21,3,6,14.286,2.041,4.082,397399.4
2025-05-01,Subprime,Medium,Midwest,229,33,8,9,14.41,3.493,3.93,642174.72
2025-05-01,Subprime,Medium,Northeast,203,27,4,7,13.3,1.97,3.448,566957.66
2025-05-01,Subprime,Medium,South,326,43,7,7,13.19,2.147,2.147,825538.43
2025-05-01,Subprime,Medium,West,222,31,4,7,13.964,1.802,3.153,561847.58
2025-06-01,Near_Prime,High,Midwest,192,10,1,6,5.208,0.521,3.125,877248.95
2025-06-01,Near_Prime,High,Northeast,177,17,2,3,9.605,1.13,1.695,771328.65
2025-06-01,Near_Prime,High,South,297,17,3,9,5.724,1.01,3.03,1245396.06
2025-06-01,Near_Prime,High,West,197,12,0,4,6.091,0.0,2.03,904768.56
2025-06-01,Near_Prime,Low,Midwest,269,21,4,3,7.807,1.487,1.115,1222785.35
2025-06-01,Near_Prime,Low,Northeast,242,14,1,2,5.785,0.413,0.826,1136948.89
2025-06-01,Near_Prime,Low,South,340,18,4,6,5.294,1.176,1.765,1481574.42
2025-06-01,Near_Prime,Low,West,229,14,4,4,6.114,1.747,1.747,976957.07
2025-06-01,Near_Prime,Medium,Midwest,382,29,9,3,7.592,2.356,0.785,1694063.91
2025-06-01,Near_Prime,Medium,Northeast,330,23,4,7,6.97,1.212,2.121,1505007.36
2025-06-01,Near_Prime,Medium,South,514,36,8,11,7.004,1.556,2.14,2258358.05
2025-06-01,Near_Prime,Medium,West,329,26,4,3,7.903,1.216,0.912,1492092.97
2025-06-01,Prime,High,Midwest,259,6,1,4,2.317,0.386,1.544,1675656.0
2025-06-01,Prime,High,Northeast,220,10,2,1,4.545,0.909,0.455,1507228.85
2025-06-01,Prime,High,South,316,11,4,3,3.481,1.266,0.949,2083276.3
2025-06-01,Prime,High,West,227,10,0,1,4.405,0.0,0.441,1449462.31
2025-06-01,Prime,Low,Midwest,278,6,2,4,2.158,0.719,1.439,1862217.02
2025-06-01,Prime,Low,Northeast,253,10,1,1,3.953,0.395,0.395,1728518.73
2025-06-01,Prime,Low,South,384,6,1,1,1.563,0.26,0.26,2408345.6
2025-06-01,Prime,Low,West,272,9,0,1,3.309,0.0,0.368,1974402.6
2025-06-01,Prime,Medium,Midwest,445,9,2,2,2.022,0.449,0.449,3045356.56
2025-06-01,Prime,Medium,Northeast,421,12,2,0,2.85,0.475,0.0,2865940.83
2025-06-01,Prime,Medium,South,570,17,1,2,2.982,0.175,0.351,3612486.39
2025-06-01,Prime,Medium,West,423,12,1,3,2.837,0.236,0.709,2849102.34
2025-06-01,Subprime,High,Midwest,152,18,3,9,11.842,1.974,5.921,423010.26
2025-06-01,Subprime,High,Northeast,128,21,8,7,16.406,6.25,5.469,371207.71
2025-06-01,Subprime,High,South,184,22,6,7,11.957,3.261,3.804,447402.34
2025-06-01,Subprime,High,West,130,12,1,8,9.231,0.769,6.154,336665.08
2025-06-01,Subprime,Low,Midwest,152,29,2,8,19.079,1.316,5.263,384047.31
2025-06-01,Subprime,Low,Northeast,172,19,5,6,11.047,2.907,3.488,473285.98
2025-06-01,Subprime,Low,South,268,36,7,9,13.433,2.612,3.358,673090.61
2025-06-01,Subprime,Low,West,167,27,6,8,16.168,3.593,4.79,434302.95
2025-06-01,Subprime,Medium,Midwest,269,33,10,12,12.268,3.717,4.461,725086.56
2025-06-01,Subprime,Medium,Northeast,226,27,7,11,11.947,3.097,4.867,621577.83
2025-06-01,Subprime,Medium,South,360,51,11,10,14.167,3.056,2.778,871412.98
2025-06-01,Subprime,Medium,West,257,34,4,10,13.23,1.556,3.891,678376.65
2025-07-01,Near_Prime,High,Midwest,220,11,0,7,5.0,0.0,3.182,992563.87
2025-07-01,Near_Prime,High,Northeast,194,16,5,3,8.247,2.577,1.546,811765.06
2025-07-01,Near_Prime,High,South,328,20,5,11,6.098,1.524,3.354,1363578.73
2025-07-01,Near_Prime,High,West,219,17,4,4,7.763,1.826,1.826,961383.89
2025-07-01,Near_Prime,Low,Midwest,309,23,6,5,7.443,1.942,1.618,1401362.75
2025-07-01,Near_Prime,Low,Northeast,271,16,2,3,5.904,0.738,1.107,1190115.28
2025-07-01,Near_Prime,Low,South,370,20,2,10,5.405,0.541,2.703,1573340.48
2025-07-01,Near_Prime,Low,West,250,16,3,6,6.4,1.2,2.4,1079370.96
2025-07-01,Near_Prime,Medium,Midwest,422,33,8,8,7.82,1.896,1.896,1826424.31
2025-07-01,Near_Prime,Medium,Northeast,370,27,7,9,7.297,1.892,2.432,1647089.84
2025-07-01,Near_Prime,Medium,South,567,33,7,16,5.82,1.235,2.822,2444921.11
2025-07-01,Near_Prime,Medium,West,366,23,4,6,6.284,1.093,1.639,1593955.42
2025-07-01,Prime,High,Midwest,294,5,1,5,1.701,0.34,1.701,1899781.51
2025-07-01,Prime,High,Northeast,248,8,0,3,3.226,0.0,1.21,1677918.97
2025-07-01,Prime,High,South,346,9,3,5,2.601,0.867,1.445,2227624.43
2025-07-01,Prime,High,West,255,8,2,1,3.137,0.784,0.392,1597381.23
2025-07-01,Prime,Low,Midwest,307,11,2,6,3.583,0.651,1.954,1987627.26
2025-07-01,Prime,Low,Northeast,278,10,1,2,3.597,0.36,0.719,1815153.68
2025-07-01,Prime,Low,South,439,12,1,1,2.733,0.228,0.228,2728245.1
2025-07-01,Prime,Low,West,305,15,3,1,4.918,0.984,0.328,2113076.12
2025-07-01,Prime,Medium,Midwest,480,11,3,3,2.292,0.625,0.625,3191592.83
2025-07-01,Prime,Medium,Northeast,468,15,4,0,3.205,0.855,0.0,3057069.38
2025-07-01,Prime,Medium,South,626,20,1,3,3.195,0.16,0.479,3815548.68
2025-07-01,Prime,Medium,West,477,11,1,4,2.306,0.21,0.839,3152899.9
2025-07-01,Subprime,High,Midwest,172,21,2,11,12.209,1.163,6.395,468280.17
2025-07-01,Subprime,High,Northeast,146,19,5,13,13.014,3.425,8.904,409776.51
2025-07-01,Subprime,High,South,205,21,6,11,10.244,2.927,5.366,496964.85
2025-07-01,Subprime,High,West,151,16,1,8,10.596,0.662,5.298,394076.05
2025-07-01,Subprime,Low,Midwest,168,25,3,9,14.881,1.786,5.357,418839.37
2025-07-01,Subprime,Low,Northeast,190,20,5,10,10.526,2.632,5.263,491599.94
2025-07-01,Subprime,Low,South,299,46,10,11,15.385,3.344,3.679,716806.74
2025-07-01,Subprime,Low,West,187,24,3,12,12.834,1.604,6.417,450498.96
2025-07-01,Subprime,Medium,Midwest,297,28,8,16,9.428,2.694,5.387,780325.86
2025-07-01,Subprime,Medium,Northeast,263,44,7,13,16.73,2.662,4.943,721298.59
2025-07-01,Subprime,Medium,South,401,52,9,17,12.968,2.244,4.239,974852.23
2025-07-01,Subprime,Medium,West,283,43,7,12,15.194,2.473,4.24,728531.92
2025-08-01,Near_Prime,High,Midwest,236,18,2,7,7.627,0.847,2.966,1029407.13
2025-08-01,Near_Prime,High,Northeast,204,15,4,6,7.353,1.961,2.941,799973.09
2025-08-01,Near_Prime,High,South,359,21,2,14,5.85,0.557,3.9,1474861.41
2025-08-01,Near_Prime,High,West,228,21,4,8,9.211,1.754,3.509,948865.64
2025-08-01,Near_Prime,Low,Midwest,326,30,5,8,9.202,1.534,2.454,1402147.36
2025-08-01,Near_Prime,Low,Northeast,283,16,2,5,5.654,0.707,1.767,1165730.37
2025-08-01,Near_Prime,Low,South,394,19,3,12,4.822,0.761,3.046,1621221.79
2025-08-01,Near_Prime,Low,West,266,15,2,8,5.639,0.752,3.008,1117342.49
2025-08-01,Near_Prime,Medium,Midwest,454,27,8,15,5.947,1.762,3.304,1898604.85
2025-08-01,Near_Prime,Medium,Northeast,400,28,3,15,7.0,0.75,3.75,1690835.85
2025-08-01,Near_Prime,Medium,South,614,34,7,23,5.537,1.14,3.746,2557028.42
2025-08-01,Near_Prime,Medium,West,395,32,6,9,8.101,1.519,2.278,1636566.22
2025-08-01,Prime,High,Midwest,315,4,1,5,1.27,0.317,1.587,1950348.92
2025-08-01,Prime,High,Northeast,265,5,0,3,1.887,0.0,1.132,1693002.6
2025-08-01,Prime,High,South,384,10,0,8,2.604,0.0,2.083,2428614.64
2025-08-01,Prime,High,West,275,7,2,3,2.545,0.727,1.091,1688482.82
2025-08-01,Prime,Low,Midwest,340,8,1,7,2.353,0.294,2.059,2190466.64
2025-08-01,Prime,Low,Northeast,294,12,1,2,4.082,0.34,0.68,1785985.91
2025-08-01,Prime,Low,South,474,16,0,2,3.376,0.0,0.422,2900718.42
2025-08-01,Prime,Low,West,324,9,2,2,2.778,0.617,0.617,2163012.62
2025-08-01,Prime,Medium,Midwest,516,19,2,4,3.682,0.388,0.775,3322522.64
2025-08-01,Prime,Medium,Northeast,492,15,2,2,3.049,0.407,0.407,3149515.01
2025-08-01,Prime,Medium,South,678,24,3,4,3.54,0.442,0.59,4035930.62
2025-08-01,Prime,Medium,West,504,13,2,5,2.579,0.397,0.992,3234841.24
2025-08-01,Subprime,High,Midwest,185,27,3,13,14.595,1.622,7.027,477882.04
2025-08-01,Subprime,High,Northeast,155,13,4,17,8.387,2.581,10.968,424332.33
2025-08-01,Subprime,High,South,221,21,3,17,9.502,1.357,7.692,543357.89
2025-08-01,Subprime,High,West,159,24,0,9,15.094,0.0,5.66,392019.99
2025-08-01,Subprime,Low,Midwest,178,26,5,11,14.607,2.809,6.18,425438.21
2025-08-01,Subprime,Low,Northeast,204,25,4,15,12.255,1.961,7.353,514954.01
2025-08-01,Subprime,Low,South,320,48,10,17,15.0,3.125,5.313,756811.32
2025-08-01,Subprime,Low,West,196,31,9,14,15.816,4.592,7.143,450535.16
2025-08-01,Subprime,Medium,Midwest,320,39,10,22,12.188,3.125,6.875,840768.28
2025-08-01,Subprime,Medium,Northeast,291,45,7,18,15.464,2.405,6.186,782570.66
2025-08-01,Subprime,Medium,South,425,57,9,22,13.412,2.118,5.176,990120.49
2025-08-01,Subprime,Medium,West,296,43,8,14,14.527,2.703,4.73,729715.85
2025-09-01,Near_Prime,High,Midwest,254,21,4,8,8.268,1.575,3.15,1090920.35
2025-09-01,Near_Prime,High,Northeast,225,17,4,8,7.556,1.778,3.556,889985.66
2025-09-01,Near_Prime,High,South,399,22,5,16,5.514,1.253,4.01,1593232.99
2025-09-01,Near_Prime,High,West,247,17,1,11,6.883,0.405,4.453,1010759.53
2025-09-01,Near_Prime,Low,Midwest,345,30,6,11,8.696,1.739,3.188,1421233.66
2025-09-01,Near_Prime,Low,Northeast,306,21,4,6,6.863,1.307,1.961,1233178.63
2025-09-01,Near_Prime,Low,South,424,27,4,14,6.368,0.943,3.302,1697970.15
2025-09-01,Near_Prime,Low,West,289,22,5,9,7.612,1.73,3.114,1182797.51
2025-09-01,Near_Prime,Medium,Midwest,480,26,7,20,5.417,1.458,4.167,1945817.69
2025-09-01,Near_Prime,Medium,Northeast,428,28,4,17,6.542,0.935,3.972,1769611.95
2025-09-01,Near_Prime,Medium,South,665,41,4,25,6.165,0.602,3.759,2671348.12
2025-09-01,Near_Prime,Medium,West,436,26,6,13,5.963,1.376,2.982,1813751.27
2025-09-01,Prime,High,Midwest,343,4,1,5,1.166,0.292,1.458,2062474.22
2025-09-01,Prime,High,Northeast,280,13,1,3,4.643,0.357,1.071,1715769.57
2025-09-01,Prime,High,South,426,16,1,8,3.756,0.235,1.878,2613056.89
2025-09-01,Prime,High,West,297,7,1,3,2.357,0.337,1.01,1804083.17
2025-09-01,Prime,Low,Midwest,371,9,3,8,2.426,0.809,2.156,2344691.9
2025-09-01,Prime,Low,Northeast,322,13,2,3,4.037,0.621,0.932,1908384.12
2025-09-01,Prime,Low,South,524,16,4,2,3.053,0.763,0.382,3148056.32
2025-09-01,Prime,Low,West,357,10,3,4,2.801,0.84,1.12,2292071.95
2025-09-01,Prime,Medium,Midwest,561,20,2,4,3.565,0.357,0.713,3540492.13
2025-09-01,Prime,Medium,Northeast,537,17,4,4,3.166,0.745,0.745,3338671.67
2025-09-01,Prime,Medium,South,741,27,0,6,3.644,0.0,0.81,4320203.89
2025-09-01,Prime,Medium,West,539,21,1,7,3.896,0.186,1.299,3345229.44
2025-09-01,Subprime,High,Midwest,195,29,4,14,14.872,2.051,7.179,477878.06
2025-09-01,Subprime,High,Northeast,168,25,4,19,14.881,2.381,11.31,451211.53
2025-09-01,Subprime,High,South,237,25,7,18,10.549,2.954,7.595,551021.09
2025-09-01,Subprime,High,West,174,33,5,9,18.966,2.874,5.172,421690.36
2025-09-01,Subprime,Low,Midwest,196,27,4,14,13.776,2.041,7.143,466541.04
2025-09-01,Subprime,Low,Northeast,225,26,0,19,11.556,0.0,8.444,544811.22
2025-09-01,Subprime,Low,South,346,48,11,24,13.873,3.179,6.936,805513.51
2025-09-01,Subprime,Low,West,208,29,7,19,13.942,3.365,9.135,467966.88
2025-09-01,Subprime,Medium,Midwest,356,53,8,29,14.888,2.247,8.146,914858.8
2025-09-01,Subprime,Medium,Northeast,318,53,13,22,16.667,4.088,6.918,835381.8
2025-09-01,Subprime,Medium,South,450,55,8,28,12.222,1.778,6.222,1017220.59
2025-09-01,Subprime,Medium,West,322,50,9,17,15.528,2.795,5.28,795089.82
2025-10-01,Near_Prime,High,Midwest,279,24,5,10,8.602,1.792,3.584,1150320.15
2025-10-01,Near_Prime,High,Northeast,243,20,5,11,8.23,2.058,4.527,925163.2
2025-10-01,Near_Prime,High,South,414,19,5,19,4.589,1.208,4.589,1587831.53
2025-10-01,Near_Prime,High,West,271,23,4,11,8.487,1.476,4.059,1103914.75
2025-10-01,Near_Prime,Low,Midwest,369,26,5,15,7.046,1.355,4.065,1469005.16
2025-10-01,Near_Prime,Low,Northeast,321,22,2,9,6.854,0.623,2.804,1256493.28
2025-10-01,Near_Prime,Low,South,463,22,4,16,4.752,0.864,3.456,1827743.05
2025-10-01,Near_Prime,Low,West,321,22,6,12,6.854,1.869,3.738,1297181.6
2025-10-01,Near_Prime,Medium,Midwest,514,35,3,25,6.809,0.584,4.864,2060905.13
2025-10-01,Near_Prime,Medium,Northeast,464,35,7,19,7.543,1.509,4.095,1878735.0
2025-10-01,Near_Prime,Medium,South,710,49,9,26,6.901,1.268,3.662,2728614.97
2025-10-01,Near_Prime,Medium,West,467,35,6,17,7.495,1.285,3.64,1887175.23
2025-10-01,Prime,High,Midwest,367,6,1,6,1.635,0.272,1.635,2173793.17
2025-10-01,Prime,High,Northeast,298,11,1,4,3.691,0.336,1.342,1812853.31
2025-10-01,Prime,High,South,461,14,2,9,3.037,0.434,1.952,2750068.53
2025-10-01,Prime,High,West,316,5,0,4,1.582,0.0,1.266,1887073.23
2025-10-01,Prime,Low,Midwest,397,11,3,9,2.771,0.756,2.267,2461763.23
2025-10-01,Prime,Low,Northeast,350,16,2,4,4.571,0.571,1.143,2012489.38
2025-10-01,Prime,Low,South,562,20,3,3,3.559,0.534,0.534,3264663.65
2025-10-01,Prime,Low,West,388,7,4,5,1.804,1.031,1.289,2457393.32
2025-10-01,Prime,Medium,Midwest,598,24,2,6,4.013,0.334,1.003,3600566.25
2025-10-01,Prime,Medium,Northeast,573,17,4,5,2.967,0.698,0.873,3464698.17
2025-10-01,Prime,Medium,South,806,30,10,6,3.722,1.241,0.744,4623650.05
2025-10-01,Prime,Medium,West,566,25,7,7,4.417,1.237,1.237,3368149.11
2025-10-01,Subprime,High,Midwest,208,29,8,15,13.942,3.846,7.212,507401.0
2025-10-01,Subprime,High,Northeast,173,19,5,22,10.983,2.89,12.717,440897.2
2025-10-01,Subprime,High,South,254,32,5,22,12.598,1.969,8.661,571081.43
2025-10-01,Subprime,High,West,189,29,9,11,15.344,4.762,5.82,441838.15
2025-10-01,Subprime,Low,Midwest,211,30,6,16,14.218,2.844,7.583,488038.87
2025-10-01,Subprime,Low,Northeast,243,33,6,19,13.58,2.469,7.819,604906.58
2025-10-01,Subprime,Low,South,376,53,12,30,14.096,3.191,7.979,862747.34
2025-10-01,Subprime,Low,West,223,30,8,22,13.453,3.587,9.865,480460.83
2025-10-01,Subprime,Medium,Midwest,380,54,4,36,14.211,1.053,9.474,952207.15
2025-10-01,Subprime,Medium,Northeast,342,50,9,30,14.62,2.632,8.772,864641.64
2025-10-01,Subprime,Medium,South,482,66,18,31,13.693,3.734,6.432,1068034.23
2025-10-01,Subprime,Medium,West,348,55,9,24,15.805,2.586,6.897,842369.74
2025-11-01,Near_Prime,High,Midwest,302,27,5,13,8.94,1.656,4.305,1247859.31
2025-11-01,Near_Prime,High,Northeast,269,22,8,13,8.178,2.974,4.833,1017688.32
2025-11-01,Near_Prime,High,South,453,28,6,22,6.181,1.325,4.857,1702558.99
2025-11-01,Near_Prime,High,West,292,18,5,14,6.164,1.712,4.795,1141267.38
2025-11-01,Near_Prime,Low,Midwest,394,31,4,18,7.868,1.015,4.569,1539967.6
2025-11-01,Near_Prime,Low,Northeast,354,34,3,10,9.605,0.847,2.825,1383813.48
2025-11-01,Near_Prime,Low,South,488,28,4,18,5.738,0.82,3.689,1908322.23
2025-11-01,Near_Prime,Low,West,346,24,6,14,6.936,1.734,4.046,1375862.5
2025-11-01,Near_Prime,Medium,Midwest,560,44,8,26,7.857,1.429,4.643,2247674.95
2025-11-01,Near_Prime,Medium,Northeast,508,37,9,21,7.283,1.772,4.134,2043688.72
2025-11-01,Near_Prime,Medium,South,771,50,9,31,6.485,1.167,4.021,2946079.97
2025-11-01,Near_Prime,Medium,West,505,40,8,21,7.921,1.584,4.158,2007214.38
2025-11-01,Prime,High,Midwest,385,4,0,7,1.039,0.0,1.818,2218979.51
2025-11-01,Prime,High,Northeast,313,14,3,4,4.473,0.958,1.278,1870241.96
2025-11-01,Prime,High,South,496,13,4,11,2.621,0.806,2.218,2828218.22
2025-11-01,Prime,High,West,334,13,1,4,3.892,0.299,1.198,1941855.24
2025-11-01,Prime,Low,Midwest,421,10,3,11,2.375,0.713,2.613,2505717.38
2025-11-01,Prime,Low,Northeast,375,17,3,6,4.533,0.8,1.6,2078855.65
2025-11-01,Prime,Low,South,603,20,2,6,3.317,0.332,0.995,3508227.56
2025-11-01,Prime,Low,West,416,9,0,8,2.163,0.0,1.923,2539958.51
2025-11-01,Prime,Medium,Midwest,641,21,4,8,3.276,0.624,1.248,3680549.31
2025-11-01,Prime,Medium,Northeast,618,22,6,6,3.56,0.971,0.971,3645836.88
2025-11-01,Prime,Medium,South,869,29,6,12,3.337,0.69,1.381,4898242.16
2025-11-01,Prime,Medium,West,604,23,8,10,3.808,1.325,1.656,3506909.87
2025-11-01,Subprime,High,Midwest,229,29,10,18,12.664,4.367,7.86,571833.03
2025-11-01,Subprime,High,Northeast,185,21,4,25,11.351,2.162,13.514,444508.42
2025-11-01,Subprime,High,South,276,33,6,26,11.957,2.174,9.42,603972.91
2025-11-01,Subprime,High,West,206,32,12,15,15.534,5.825,7.282,474607.7
2025-11-01,Subprime,Low,Midwest,228,32,5,20,14.035,2.193,8.772,539024.68
2025-11-01,Subprime,Low,Northeast,256,36,6,23,14.063,2.344,8.984,609438.36
2025-11-01,Subprime,Low,South,409,59,20,33,14.425,4.89,8.068,907457.03
2025-11-01,Subprime,Low,West,238,30,6,26,12.605,2.521,10.924,520432.39
2025-11-01,Subprime,Medium,Midwest,409,58,12,38,14.181,2.934,9.291,991992.16
2025-11-01,Subprime,Medium,Northeast,372,51,17,33,13.71,4.57,8.871,919556.42
2025-11-01,Subprime,Medium,South,529,63,15,44,11.909,2.836,8.318,1176523.38
2025-11-01,Subprime,Medium,West,378,53,10,32,14.021,2.646,8.466,868685.55
2025-12-01,Near_Prime,High,Midwest,319,34,4,16,10.658,1.254,5.016,1260333.84
2025-12-01,Near_Prime,High,Northeast,292,27,6,17,9.247,2.055,5.822,1090146.45
2025-12-01,Near_Prime,High,South,481,35,3,27,7.277,0.624,5.613,1819248.55
2025-12-01,Near_Prime,High,West,312,20,4,18,6.41,1.282,5.769,1207040.05
2025-12-01,Near_Prime,Low,Midwest,409,29,4,21,7.09,0.978,5.134,1539993.43
2025-12-01,Near_Prime,Low,Northeast,371,28,6,13,7.547,1.617,3.504,1404957.95
2025-12-01,Near_Prime,Low,South,515,22,1,21,4.272,0.194,4.078,1937893.12
2025-12-01,Near_Prime,Low,West,362,22,6,18,6.077,1.657,4.972,1390244.4
2025-12-01,Near_Prime,Medium,Midwest,601,45,8,33,7.488,1.331,5.491,2343292.91
2025-12-01,Near_Prime,Medium,Northeast,540,36,5,27,6.667,0.926,5.0,2079048.65
2025-12-01,Near_Prime,Medium,South,814,54,11,37,6.634,1.351,4.545,3044705.12
2025-12-01,Near_Prime,Medium,West,539,47,8,27,8.72,1.484,5.009,2088880.84
2025-12-01,Prime,High,Midwest,415,14,1,7,3.373,0.241,1.687,2369214.21
2025-12-01,Prime,High,Northeast,331,10,5,6,3.021,1.511,1.813,1922856.53
2025-12-01,Prime,High,South,519,18,5,12,3.468,0.963,2.312,2846512.09
2025-12-01,Prime,High,West,351,15,2,5,4.274,0.57,1.425,2003513.21
2025-12-01,Prime,Low,Midwest,450,9,2,14,2.0,0.444,3.111,2631819.26
2025-12-01,Prime,Low,Northeast,401,13,3,9,3.242,0.748,2.244,2185656.46
2025-12-01,Prime,Low,South,627,23,6,7,3.668,0.957,1.116,3547069.11
2025-12-01,Prime,Low,West,446,9,1,8,2.018,0.224,1.794,2621886.73
2025-12-01,Prime,Medium,Midwest,678,22,2,10,3.245,0.295,1.475,3759929.74
2025-12-01,Prime,Medium,Northeast,648,14,5,9,2.16,0.772,1.389,3640736.09
2025-12-01,Prime,Medium,South,908,32,4,16,3.524,0.441,1.762,4999024.87
2025-12-01,Prime,Medium,West,641,18,4,15,2.808,0.624,2.34,3641672.75
2025-12-01,Subprime,High,Midwest,237,35,9,22,14.768,3.797,9.283,574573.79
2025-12-01,Subprime,High,Northeast,196,27,5,28,13.776,2.551,14.286,467609.05
2025-12-01,Subprime,High,South,289,33,9,27,11.419,3.114,9.343,617999.3
2025-12-01,Subprime,High,West,218,33,10,22,15.138,4.587,10.092,503691.91
2025-12-01,Subprime,Low,Midwest,243,34,9,22,13.992,3.704,9.053,574282.02
2025-12-01,Subprime,Low,Northeast,266,40,10,25,15.038,3.759,9.398,612364.0
2025-12-01,Subprime,Low,South,435,59,18,43,13.563,4.138,9.885,946054.32
2025-12-01,Subprime,Low,West,251,34,6,28,13.546,2.39,11.155,530727.22
2025-12-01,Subprime,Medium,Midwest,429,65,18,44,15.152,4.196,10.256,1008424.15
2025-12-01,Subprime,Medium,Northeast,390,49,9,44,12.564,2.308,11.282,936799.45
2025-12-01,Subprime,Medium,South,570,74,15,50,12.982,2.632,8.772,1260090.64
2025-12-01,Subprime,Medium,West,401,54,15,36,13.466,3.741,8.978,888553.61
2026-01-01,Near_Prime,High,Midwest,336,37,3,19,11.012,0.893,5.655,1305175.81
2026-01-01,Near_Prime,High,Northeast,317,28,5,22,8.833,1.577,6.94,1147981.61
2026-01-01,Near_Prime,High,South,516,41,4,28,7.946,0.775,5.426,1905017.4
2026-01-01,Near_Prime,High,West,339,26,5,19,7.67,1.475,5.605,1296815.99
2026-01-01,Near_Prime,Low,Midwest,441,30,8,23,6.803,1.814,5.215,1634549.7
2026-01-01,Near_Prime,Low,Northeast,393,27,6,18,6.87,1.527,4.58,1475594.12
2026-01-01,Near_Prime,Low,South,551,26,3,21,4.719,0.544,3.811,2044151.79
2026-01-01,Near_Prime,Low,West,377,27,7,21,7.162,1.857,5.57,1370026.25
2026-01-01,Near_Prime,Medium,Midwest,655,52,19,34,7.939,2.901,5.191,2510665.47
2026-01-01,Near_Prime,Medium,Northeast,569,37,7,29,6.503,1.23,5.097,2127791.4
2026-01-01,Near_Prime,Medium,South,887,59,12,44,6.652,1.353,4.961,3304879.0
2026-01-01,Near_Prime,Medium,West,580,46,13,30,7.931,2.241,5.172,2226269.67
2026-01-01,Prime,High,Midwest,441,16,1,8,3.628,0.227,1.814,2401480.47
2026-01-01,Prime,High,Northeast,353,10,4,10,2.833,1.133,2.833,2001376.07
2026-01-01,Prime,High,South,551,17,2,16,3.085,0.363,2.904,2949166.7
2026-01-01,Prime,High,West,370,15,4,6,4.054,1.081,1.622,2060654.32
2026-01-01,Prime,Low,Midwest,474,11,1,16,2.321,0.211,3.376,2693807.07
2026-01-01,Prime,Low,Northeast,420,9,4,11,2.143,0.952,2.619,2169419.05
2026-01-01,Prime,Low,South,662,23,3,12,3.474,0.453,1.813,3617211.09
2026-01-01,Prime,Low,West,476,17,4,8,3.571,0.84,1.681,2692210.1
2026-01-01,Prime,Medium,Midwest,723,27,4,11,3.734,0.553,1.521,3876843.72
2026-01-01,Prime,Medium,Northeast,685,19,2,12,2.774,0.292,1.752,3708388.62
2026-01-01,Prime,Medium,South,973,29,6,19,2.98,0.617,1.953,5234271.64
2026-01-01,Prime,Medium,West,672,28,4,17,4.167,0.595,2.53,3661352.88
2026-01-01,Subprime,High,Midwest,253,34,2,28,13.439,0.791,11.067,606859.55
2026-01-01,Subprime,High,Northeast,211,22,3,33,10.427,1.422,15.64,508704.12
2026-01-01,Subprime,High,South,313,37,11,31,11.821,3.514,9.904,662250.81
2026-01-01,Subprime,High,West,231,36,10,27,15.584,4.329,11.688,513704.54
2026-01-01,Subprime,Low,Midwest,262,42,9,27,16.031,3.435,10.305,602326.18
2026-01-01,Subprime,Low,Northeast,281,37,8,30,13.167,2.847,10.676,626573.67
2026-01-01,Subprime,Low,South,463,53,12,56,11.447,2.592,12.095,984005.4
2026-01-01,Subprime,Low,West,273,36,7,32,13.187,2.564,11.722,584541.88
2026-01-01,Subprime,Medium,Midwest,464,64,16,53,13.793,3.448,11.422,1091687.6
2026-01-01,Subprime,Medium,Northeast,419,48,10,52,11.456,2.387,12.411,977928.31
2026-01-01,Subprime,Medium,South,615,73,22,56,11.87,3.577,9.106,1365381.22
2026-01-01,Subprime,Medium,West,435,54,17,44,12.414,3.908,10.115,967214.99
2026-02-01,Near_Prime,High,Midwest,346,38,6,21,10.983,1.734,6.069,1307947.29
2026-02-01,Near_Prime,High,Northeast,328,22,7,25,6.707,2.134,7.622,1157786.24
2026-02-01,Near_Prime,High,South,530,38,13,29,7.17,2.453,5.472,1889198.35
2026-02-01,Near_Prime,High,West,355,26,7,23,7.324,1.972,6.479,1329060.57
2026-02-01,Near_Prime,Low,Midwest,461,34,4,30,7.375,0.868,6.508,1659594.84
2026-02-01,Near_Prime,Low,Northeast,407,30,3,22,7.371,0.737,5.405,1488404.83
2026-02-01,Near_Prime,Low,South,573,34,7,24,5.934,1.222,4.188,2057507.5
2026-02-01,Near_Prime,Low,West,395,31,7,24,7.848,1.772,6.076,1409934.44
2026-02-01,Near_Prime,Medium,Midwest,676,52,12,42,7.692,1.775,6.213,2483803.53
2026-02-01,Near_Prime,Medium,Northeast,603,47,11,34,7.794,1.824,5.638,2224515.96
2026-02-01,Near_Prime,Medium,South,928,65,10,52,7.004,1.078,5.603,3383896.29
2026-02-01,Near_Prime,Medium,West,603,43,13,35,7.131,2.156,5.804,2218235.17
2026-02-01,Prime,High,Midwest,462,25,1,8,5.411,0.216,1.732,2490056.15
2026-02-01,Prime,High,Northeast,368,5,2,12,1.359,0.543,3.261,1995151.99
2026-02-01,Prime,High,South,576,16,0,17,2.778,0.0,2.951,3001326.47
2026-02-01,Prime,High,West,385,13,6,7,3.377,1.558,1.818,2052346.15
2026-02-01,Prime,Low,Midwest,503,17,2,16,3.38,0.398,3.181,2802656.97
2026-02-01,Prime,Low,Northeast,439,13,2,13,2.961,0.456,2.961,2195447.67
2026-02-01,Prime,Low,South,698,28,5,13,4.011,0.716,1.862,3746077.46
2026-02-01,Prime,Low,West,492,13,1,11,2.642,0.203,2.236,2719626.77
2026-02-01,Prime,Medium,Midwest,761,36,5,14,4.731,0.657,1.84,3968990.59
2026-02-01,Prime,Medium,Northeast,716,24,0,14,3.352,0.0,1.955,3763240.17
2026-02-01,Prime,Medium,South,1018,27,6,22,2.652,0.589,2.161,5355993.94
2026-02-01,Prime,Medium,West,698,24,7,19,3.438,1.003,2.722,3694141.51
2026-02-01,Subprime,High,Midwest,261,36,6,30,13.793,2.299,11.494,594228.85
2026-02-01,Subprime,High,Northeast,223,30,7,35,13.453,3.139,15.695,523217.86
2026-02-01,Subprime,High,South,323,41,10,36,12.693,3.096,11.146,659649.19
2026-02-01,Subprime,High,West,246,35,12,31,14.228,4.878,12.602,542244.82
2026-02-01,Subprime,Low,Midwest,275,41,10,34,14.909,3.636,12.364,621884.21
2026-02-01,Subprime,Low,Northeast,292,35,15,31,11.986,5.137,10.616,638417.96
2026-02-01,Subprime,Low,South,478,53,8,62,11.088,1.674,12.971,993950.28
2026-02-01,Subprime,Low,West,283,40,11,35,14.134,3.887,12.367,598433.81
2026-02-01,Subprime,Medium,Midwest,482,63,16,65,13.071,3.32,13.485,1106729.23
2026-02-01,Subprime,Medium,Northeast,427,57,10,58,13.349,2.342,13.583,965097.93
2026-02-01,Subprime,Medium,South,639,78,16,73,12.207,2.504,11.424,1363934.46
2026-02-01,Subprime,Medium,West,453,51,16,52,11.258,3.532,11.479,987560.76
2026-03-01,Near_Prime,High,Midwest,362,35,8,25,9.669,2.21,6.906,1323000.68
2026-03-01,Near_Prime,High,Northeast,351,21,1,31,5.983,0.285,8.832,1227960.98
2026-03-01,Near_Prime,High,South,550,43,8,39,7.818,1.455,7.091,1907437.83
2026-03-01,Near_Prime,High,West,380,30,4,29,7.895,1.053,7.632,1414255.31
2026-03-01,Near_Prime,Low,Midwest,488,32,8,30,6.557,1.639,6.148,1740974.31
2026-03-01,Near_Prime,Low,Northeast,417,31,7,23,7.434,1.679,5.516,1496892.26
2026-03-01,Near_Prime,Low,South,595,39,7,28,6.555,1.176,4.706,2059618.4
2026-03-01,Near_Prime,Low,West,415,29,7,26,6.988,1.687,6.265,1430431.56
2026-03-01,Near_Prime,Medium,Midwest,698,45,15,46,6.447,2.149,6.59,2423634.14
2026-03-01,Near_Prime,Medium,Northeast,628,44,10,41,7.006,1.592,6.529,2271088.43
2026-03-01,Near_Prime,Medium,South,975,62,12,59,6.359,1.231,6.051,3454259.12
2026-03-01,Near_Prime,Medium,West,625,42,12,46,6.72,1.92,7.36,2209384.06
2026-03-01,Prime,High,Midwest,486,20,2,9,4.115,0.412,1.852,2526115.78
2026-03-01,Prime,High,Northeast,386,6,0,14,1.554,0.0,3.627,2071995.4
2026-03-01,Prime,High,South,598,21,2,17,3.512,0.334,2.843,3015910.89
2026-03-01,Prime,High,West,400,14,4,11,3.5,1.0,2.75,2045284.12
2026-03-01,Prime,Low,Midwest,531,20,2,17,3.766,0.377,3.202,2831854.48
2026-03-01,Prime,Low,Northeast,457,13,2,15,2.845,0.438,3.282,2222119.59
2026-03-01,Prime,Low,South,731,37,8,15,5.062,1.094,2.052,3811916.16
2026-03-01,Prime,Low,West,517,19,2,12,3.675,0.387,2.321,2821113.69
2026-03-01,Prime,Medium,Midwest,799,36,5,17,4.506,0.626,2.128,4069423.31
2026-03-01,Prime,Medium,Northeast,758,24,2,14,3.166,0.264,1.847,3885669.09
2026-03-01,Prime,Medium,South,1054,31,6,26,2.941,0.569,2.467,5399999.33
2026-03-01,Prime,Medium,West,734,22,4,26,2.997,0.545,3.542,3839958.81
2026-03-01,Subprime,High,Midwest,274,33,10,34,12.044,3.65,12.409,614378.97
2026-03-01,Subprime,High,Northeast,230,33,5,40,14.348,2.174,17.391,513287.32
2026-03-01,Subprime,High,South,339,44,11,42,12.979,3.245,12.389,663769.28
2026-03-01,Subprime,High,West,253,39,10,37,15.415,3.953,14.625,535131.72
2026-03-01,Subprime,Low,Midwest,286,46,10,42,16.084,3.497,14.685,637696.55
2026-03-01,Subprime,Low,Northeast,308,37,8,40,12.013,2.597,12.987,673948.5
2026-03-01,Subprime,Low,South,500,63,8,67,12.6,1.6,13.4,1021002.83
2026-03-01,Subprime,Low,West,298,44,10,41,14.765,3.356,13.758,630534.28
2026-03-01,Subprime,Medium,Midwest,512,56,10,78,10.938,1.953,15.234,1172366.74
2026-03-01,Subprime,Medium,Northeast,454,57,10,64,12.555,2.203,14.097,1000756.13
2026-03-01,Subprime,Medium,South,671,81,14,83,12.072,2.086,12.37,1429773.75
2026-03-01,Subprime,Medium,West,471,54,15,59,11.465,3.185,12.527,997169.75
2026-04-01,Near_Prime,High,Midwest,383,28,9,31,7.311,2.35,8.094,1346462.25
2026-04-01,Near_Prime,High,Northeast,374,23,7,32,6.15,1.872,8.556,1288526.12
2026-04-01,Near_Prime,High,South,578,43,10,43,7.439,1.73,7.439,2012451.73
2026-04-01,Near_Prime,High,West,397,32,6,31,8.06,1.511,7.809,1454867.92
2026-04-01,Near_Prime,Low,Midwest,516,34,11,34,6.589,2.132,6.589,1810084.8
2026-04-01,Near_Prime,Low,Northeast,446,29,9,26,6.502,2.018,5.83,1563863.74
2026-04-01,Near_Prime,Low,South,620,41,10,33,6.613,1.613,5.323,2066840.52
2026-04-01,Near_Prime,Low,West,437,32,10,29,7.323,2.288,6.636,1492406.29
2026-04-01,Near_Prime,Medium,Midwest,745,48,14,53,6.443,1.879,7.114,2583232.78
2026-04-01,Near_Prime,Medium,Northeast,651,47,11,47,7.22,1.69,7.22,2304480.16
2026-04-01,Near_Prime,Medium,South,1023,63,14,66,6.158,1.369,6.452,3563762.64
2026-04-01,Near_Prime,Medium,West,659,49,13,51,7.436,1.973,7.739,2258538.4
2026-04-01,Prime,High,Midwest,512,18,7,11,3.516,1.367,2.148,2592049.61
2026-04-01,Prime,High,Northeast,412,9,1,14,2.184,0.243,3.398,2197808.78
2026-04-01,Prime,High,South,630,26,5,17,4.127,0.794,2.698,3094749.76
2026-04-01,Prime,High,West,428,14,2,14,3.271,0.467,3.271,2170902.34
2026-04-01,Prime,Low,Midwest,544,19,3,18,3.493,0.551,3.309,2782512.35
2026-04-01,Prime,Low,Northeast,482,14,0,17,2.905,0.0,3.527,2331557.5
2026-04-01,Prime,Low,South,759,27,7,19,3.557,0.922,2.503,3829008.11
2026-04-01,Prime,Low,West,541,17,1,14,3.142,0.185,2.588,2871978.14
2026-04-01,Prime,Medium,Midwest,844,39,9,19,4.621,1.066,2.251,4233475.67
2026-04-01,Prime,Medium,Northeast,813,25,3,16,3.075,0.369,1.968,4142433.8
2026-04-01,Prime,Medium,South,1121,36,8,29,3.211,0.714,2.587,5663255.8
2026-04-01,Prime,Medium,West,775,27,3,29,3.484,0.387,3.742,3946302.51
2026-04-01,Subprime,High,Midwest,289,39,9,40,13.495,3.114,13.841,640859.74
2026-04-01,Subprime,High,Northeast,242,39,13,42,16.116,5.372,17.355,528297.43
2026-04-01,Subprime,High,South,361,49,14,47,13.573,3.878,13.019,700815.37
2026-04-01,Subprime,High,West,268,39,8,43,14.552,2.985,16.045,556976.18
2026-04-01,Subprime,Low,Midwest,307,35,11,49,11.401,3.583,15.961,693075.45
2026-04-01,Subprime,Low,Northeast,324,31,5,47,9.568,1.543,14.506,692052.17
2026-04-01,Subprime,Low,South,527,66,16,72,12.524,3.036,13.662,1052714.55
2026-04-01,Subprime,Low,West,319,46,14,46,14.42,4.389,14.42,660688.21
2026-04-01,Subprime,Medium,Midwest,541,59,13,85,10.906,2.403,15.712,1206391.56
2026-04-01,Subprime,Medium,Northeast,481,65,14,70,13.514,2.911,14.553,1035739.12
2026-04-01,Subprime,Medium,South,712,87,19,94,12.219,2.669,13.202,1509597.32
2026-04-01,Subprime,Medium,West,490,66,10,69,13.469,2.041,14.082,1004962.04
2026-05-01,Near_Prime,High,Midwest,405,23,6,39,5.679,1.481,9.63,1411233.88
2026-05-01,Near_Prime,High,Northeast,387,22,7,35,5.685,1.809,9.044,1310985.47
2026-05-01,Near_Prime,High,South,603,43,7,51,7.131,1.161,8.458,2039125.12
2026-05-01,Near_Prime,High,West,418,40,8,34,9.569,1.914,8.134,1475978.58
2026-05-01,Near_Prime,Low,Midwest,541,33,6,42,6.1,1.109,7.763,1853139.57
2026-05-01,Near_Prime,Low,Northeast,470,23,8,31,4.894,1.702,6.596,1615783.15
2026-05-01,Near_Prime,Low,South,652,44,10,41,6.748,1.534,6.288,2086924.83
2026-05-01,Near_Prime,Low,West,460,30,6,36,6.522,1.304,7.826,1560677.19
2026-05-01,Near_Prime,Medium,Midwest,779,49,10,62,6.29,1.284,7.959,2628760.02
2026-05-01,Near_Prime,Medium,Northeast,684,45,9,52,6.579,1.316,7.602,2337374.89
2026-05-01,Near_Prime,Medium,South,1070,58,18,75,5.421,1.682,7.009,3667842.72
2026-05-01,Near_Prime,Medium,West,693,47,13,57,6.782,1.876,8.225,2341218.81
2026-05-01,Prime,High,Midwest,529,14,3,17,2.647,0.567,3.214,2594183.79
2026-05-01,Prime,High,Northeast,433,10,1,15,2.309,0.231,3.464,2199345.2
2026-05-01,Prime,High,South,662,22,7,19,3.323,1.057,2.87,3209200.21
2026-05-01,Prime,High,West,445,15,4,16,3.371,0.899,3.596,2208811.1
2026-05-01,Prime,Low,Midwest,571,21,6,19,3.678,1.051,3.327,2887546.6
2026-05-01,Prime,Low,Northeast,499,17,5,17,3.407,1.002,3.407,2322578.03
2026-05-01,Prime,Low,South,796,32,9,23,4.02,1.131,2.889,3913617.87
2026-05-01,Prime,Low,West,569,21,2,15,3.691,0.351,2.636,2949075.38
2026-05-01,Prime,Medium,Midwest,885,41,6,25,4.633,0.678,2.825,4290336.54
2026-05-01,Prime,Medium,Northeast,848,26,4,18,3.066,0.472,2.123,4168016.44
2026-05-01,Prime,Medium,South,1169,38,8,34,3.251,0.684,2.908,5828478.74
2026-05-01,Prime,Medium,West,804,30,5,30,3.731,0.622,3.731,3982394.67
2026-05-01,Subprime,High,Midwest,301,34,8,46,11.296,2.658,15.282,661961.89
2026-05-01,Subprime,High,Northeast,258,34,9,51,13.178,3.488,19.767,558814.41
2026-05-01,Subprime,High,South,382,41,15,54,10.733,3.927,14.136,745799.62
2026-05-01,Subprime,High,West,283,44,10,46,15.548,3.534,16.254,576928.11
2026-05-01,Subprime,Low,Midwest,328,33,10,57,10.061,3.049,17.378,723639.27
2026-05-01,Subprime,Low,Northeast,338,31,3,51,9.172,0.888,15.089,701098.19
2026-05-01,Subprime,Low,South,553,78,18,81,14.105,3.255,14.647,1082619.04
2026-05-01,Subprime,Low,West,340,47,9,54,13.824,2.647,15.882,705343.74
2026-05-01,Subprime,Medium,Midwest,575,63,11,96,10.957,1.913,16.696,1253316.49
2026-05-01,Subprime,Medium,Northeast,505,77,17,78,15.248,3.366,15.446,1086055.86
2026-05-01,Subprime,Medium,South,742,94,17,106,12.668,2.291,14.286,1521110.46
2026-05-01,Subprime,Medium,West,514,64,14,78,12.451,2.724,15.175,1042111.22
2026-06-01,Near_Prime,High,Midwest,431,22,4,43,5.104,0.928,9.977,1501675.18
2026-06-01,Near_Prime,High,Northeast,413,26,4,38,6.295,0.969,9.201,1395636.7
2026-06-01,Near_Prime,High,South,643,52,11,55,8.087,1.711,8.554,2164914.49
2026-06-01,Near_Prime,High,West,441,42,12,40,9.524,2.721,9.07,1525950.42
2026-06-01,Near_Prime,Low,Midwest,578,28,7,47,4.844,1.211,8.131,1955704.03
2026-06-01,Near_Prime,Low,Northeast,497,30,2,37,6.036,0.402,7.445,1680372.22
2026-06-01,Near_Prime,Low,South,691,42,10,48,6.078,1.447,6.946,2214061.36
2026-06-01,Near_Prime,Low,West,494,23,6,40,4.656,1.215,8.097,1695151.39
2026-06-01,Near_Prime,Medium,Midwest,836,60,10,67,7.177,1.196,8.014,2830960.08
2026-06-01,Near_Prime,Medium,Northeast,722,41,9,61,5.679,1.247,8.449,2455852.28
2026-06-01,Near_Prime,Medium,South,1122,65,14,89,5.793,1.248,7.932,3773878.5
2026-06-01,Near_Prime,Medium,West,732,42,10,66,5.738,1.366,9.016,2464406.12
2026-06-01,Prime,High,Midwest,562,16,2,20,2.847,0.356,3.559,2720373.79
2026-06-01,Prime,High,Northeast,452,7,1,16,1.549,0.221,3.54,2239245.25
2026-06-01,Prime,High,South,708,14,3,23,1.977,0.424,3.249,3398800.04
2026-06-01,Prime,High,West,473,11,1,19,2.326,0.211,4.017,2343692.51
2026-06-01,Prime,Low,Midwest,602,17,4,25,2.824,0.664,4.153,2973261.58
2026-06-01,Prime,Low,Northeast,534,12,3,20,2.247,0.562,3.745,2498030.87
2026-06-01,Prime,Low,South,853,35,6,27,4.103,0.703,3.165,4189160.55
2026-06-01,Prime,Low,West,598,22,4,17,3.679,0.669,2.843,3071606.22
2026-06-01,Prime,Medium,Midwest,940,33,9,28,3.511,0.957,2.979,4500403.31
2026-06-01,Prime,Medium,Northeast,890,31,5,20,3.483,0.562,2.247,4264424.59
2026-06-01,Prime,Medium,South,1228,42,7,40,3.42,0.57,3.257,5967769.8
2026-06-01,Prime,Medium,West,851,30,5,33,3.525,0.588,3.878,4214968.71
2026-06-01,Subprime,High,Midwest,320,40,4,53,12.5,1.25,16.563,694393.81
2026-06-01,Subprime,High,Northeast,267,40,13,53,14.981,4.869,19.85,559017.48
2026-06-01,Subprime,High,South,414,39,15,63,9.42,3.623,15.217,827027.18
2026-06-01,Subprime,High,West,300,40,12,53,13.333,4.0,17.667,613168.36
2026-06-01,Subprime,Low,Midwest,347,32,9,61,9.222,2.594,17.579,760894.86
2026-06-01,Subprime,Low,Northeast,353,43,8,53,12.181,2.266,15.014,712663.2
2026-06-01,Subprime,Low,South,575,71,19,91,12.348,3.304,15.826,1109838.21
2026-06-01,Subprime,Low,West,359,49,16,58,13.649,4.457,16.156,740967.49
2026-06-01,Subprime,Medium,Midwest,610,62,15,103,10.164,2.459,16.885,1297604.5
2026-06-01,Subprime,Medium,Northeast,529,74,16,88,13.989,3.025,16.635,1119795.41
2026-06-01,Subprime,Medium,South,774,92,12,118,11.886,1.55,15.245,1554330.02
2026-06-01,Subprime,Medium,West,540,76,17,86,14.074,3.148,15.926,1094488.62
2026-07-01,Near_Prime,High,Midwest,458,28,3,45,6.114,0.655,9.825,1542653.09
2026-07-01,Near_Prime,High,Northeast,428,29,3,41,6.776,0.701,9.579,1404115.93
2026-07-01,Near_Prime,High,South,668,51,11,61,7.635,1.647,9.132,2173997.9
2026-07-01,Near_Prime,High,West,457,42,9,48,9.19,1.969,10.503,1535787.29
2026-07-01,Near_Prime,Low,Midwest,597,34,4,52,5.695,0.67,8.71,1948245.49
2026-07-01,Near_Prime,Low,Northeast,525,35,3,39,6.667,0.571,7.429,1751357.39
2026-07-01,Near_Prime,Low,South,732,47,12,54,6.421,1.639,7.377,2359920.65
2026-07-01,Near_Prime,Low,West,510,27,7,43,5.294,1.373,8.431,1697962.48
2026-07-01,Near_Prime,Medium,Midwest,879,56,10,72,6.371,1.138,8.191,2938419.4
2026-07-01,Near_Prime,Medium,Northeast,756,44,9,66,5.82,1.19,8.73,2530558.31
2026-07-01,Near_Prime,Medium,South,1179,84,19,93,7.125,1.612,7.888,3990163.14
2026-07-01,Near_Prime,Medium,West,767,52,11,70,6.78,1.434,9.126,2518606.46
2026-07-01,Prime,High,Midwest,578,20,4,22,3.46,0.692,3.806,2690795.87
2026-07-01,Prime,High,Northeast,475,12,0,17,2.526,0.0,3.579,2327582.31
2026-07-01,Prime,High,South,736,19,4,24,2.582,0.543,3.261,3447882.43
2026-07-01,Prime,High,West,497,10,1,20,2.012,0.201,4.024,2408698.95
2026-07-01,Prime,Low,Midwest,629,16,3,27,2.544,0.477,4.293,3063506.5
2026-07-01,Prime,Low,Northeast,551,12,4,22,2.178,0.726,3.993,2451062.55
2026-07-01,Prime,Low,South,883,40,11,30,4.53,1.246,3.398,4152960.98
2026-07-01,Prime,Low,West,624,24,6,19,3.846,0.962,3.045,3140019.58
2026-07-01,Prime,Medium,Midwest,989,32,12,32,3.236,1.213,3.236,4630992.98
2026-07-01,Prime,Medium,Northeast,923,27,7,23,2.925,0.758,2.492,4332710.16
2026-07-01,Prime,Medium,South,1279,54,7,44,4.222,0.547,3.44,6054912.99
2026-07-01,Prime,Medium,West,891,33,7,36,3.704,0.786,4.04,4313958.35
2026-07-01,Subprime,High,Midwest,338,41,6,56,12.13,1.775,16.568,722962.97
2026-07-01,Subprime,High,Northeast,284,33,12,61,11.62,4.225,21.479,593955.46
2026-07-01,Subprime,High,South,431,37,8,74,8.585,1.856,17.169,840244.56
2026-07-01,Subprime,High,West,313,35,12,62,11.182,3.834,19.808,614341.21
2026-07-01,Subprime,Low,Midwest,365,39,10,65,10.685,2.74,17.808,784643.43
2026-07-01,Subprime,Low,Northeast,373,46,9,58,12.332,2.413,15.55,749995.19
2026-07-01,Subprime,Low,South,601,68,15,103,11.314,2.496,17.138,1155665.86
2026-07-01,Subprime,Low,West,376,50,12,68,13.298,3.191,18.085,763386.59
2026-07-01,Subprime,Medium,Midwest,637,71,18,111,11.146,2.826,17.425,1316629.51
2026-07-01,Subprime,Medium,Northeast,557,69,19,99,12.388,3.411,17.774,1155054.6
2026-07-01,Subprime,Medium,South,815,105,23,124,12.883,2.822,15.215,1597439.9
2026-07-01,Subprime,Medium,West,562,80,19,95,14.235,3.381,16.904,1104271.63
